-- MySQL dump 10.13  Distrib 8.0.18, for Win64 (x86_64)
--
-- Host: localhost    Database: laravel
-- ------------------------------------------------------
-- Server version	8.0.30

/*!40101 SET @OLD_CHARACTER_SET_CLIENT=@@CHARACTER_SET_CLIENT */;
/*!40101 SET @OLD_CHARACTER_SET_RESULTS=@@CHARACTER_SET_RESULTS */;
/*!40101 SET @OLD_COLLATION_CONNECTION=@@COLLATION_CONNECTION */;
/*!50503 SET NAMES utf8mb4 */;
/*!40103 SET @OLD_TIME_ZONE=@@TIME_ZONE */;
/*!40103 SET TIME_ZONE='+00:00' */;
/*!40014 SET @OLD_UNIQUE_CHECKS=@@UNIQUE_CHECKS, UNIQUE_CHECKS=0 */;
/*!40014 SET @OLD_FOREIGN_KEY_CHECKS=@@FOREIGN_KEY_CHECKS, FOREIGN_KEY_CHECKS=0 */;
/*!40101 SET @OLD_SQL_MODE=@@SQL_MODE, SQL_MODE='NO_AUTO_VALUE_ON_ZERO' */;
/*!40111 SET @OLD_SQL_NOTES=@@SQL_NOTES, SQL_NOTES=0 */;

--
-- Table structure for table `about_us`
--

DROP TABLE IF EXISTS `about_us`;
/*!40101 SET @saved_cs_client     = @@character_set_client */;
/*!50503 SET character_set_client = utf8mb4 */;
CREATE TABLE `about_us` (
  `id` bigint unsigned NOT NULL AUTO_INCREMENT,
  `name` varchar(255) COLLATE utf8mb4_unicode_ci NOT NULL,
  `description` text COLLATE utf8mb4_unicode_ci,
  `thumbnail` varchar(255) COLLATE utf8mb4_unicode_ci DEFAULT NULL,
  `created_at` timestamp NULL DEFAULT NULL,
  `updated_at` timestamp NULL DEFAULT NULL,
  `keypoints` text COLLATE utf8mb4_unicode_ci,
  PRIMARY KEY (`id`)
) ENGINE=InnoDB AUTO_INCREMENT=8 DEFAULT CHARSET=utf8mb4 COLLATE=utf8mb4_unicode_ci;
/*!40101 SET character_set_client = @saved_cs_client */;

--
-- Dumping data for table `about_us`
--

LOCK TABLES `about_us` WRITE;
/*!40000 ALTER TABLE `about_us` DISABLE KEYS */;
INSERT INTO `about_us` VALUES (7,'adfa','<p>asdf</p>','thumbnails/Iz8MhF9KjAFVitT7hrrPbiLJnvjhzNoabninMFJP.png','2024-10-24 17:04:11','2024-10-24 17:04:11',NULL);
/*!40000 ALTER TABLE `about_us` ENABLE KEYS */;
UNLOCK TABLES;

--
-- Table structure for table `appointments`
--

DROP TABLE IF EXISTS `appointments`;
/*!40101 SET @saved_cs_client     = @@character_set_client */;
/*!50503 SET character_set_client = utf8mb4 */;
CREATE TABLE `appointments` (
  `id` bigint unsigned NOT NULL AUTO_INCREMENT,
  `phone_number` varchar(255) COLLATE utf8mb4_unicode_ci NOT NULL,
  `name` varchar(255) COLLATE utf8mb4_unicode_ci NOT NULL,
  `email` varchar(255) COLLATE utf8mb4_unicode_ci NOT NULL,
  `meeting_at` date NOT NULL,
  `budget` bigint unsigned NOT NULL,
  `brief` text COLLATE utf8mb4_unicode_ci NOT NULL,
  `product_id` bigint unsigned NOT NULL,
  `deleted_at` timestamp NULL DEFAULT NULL,
  `created_at` timestamp NULL DEFAULT NULL,
  `updated_at` timestamp NULL DEFAULT NULL,
  PRIMARY KEY (`id`),
  KEY `appointments_product_id_foreign` (`product_id`),
  CONSTRAINT `appointments_product_id_foreign` FOREIGN KEY (`product_id`) REFERENCES `products` (`id`) ON DELETE CASCADE
) ENGINE=InnoDB DEFAULT CHARSET=utf8mb4 COLLATE=utf8mb4_unicode_ci;
/*!40101 SET character_set_client = @saved_cs_client */;

--
-- Dumping data for table `appointments`
--

LOCK TABLES `appointments` WRITE;
/*!40000 ALTER TABLE `appointments` DISABLE KEYS */;
/*!40000 ALTER TABLE `appointments` ENABLE KEYS */;
UNLOCK TABLES;

--
-- Table structure for table `cache`
--

DROP TABLE IF EXISTS `cache`;
/*!40101 SET @saved_cs_client     = @@character_set_client */;
/*!50503 SET character_set_client = utf8mb4 */;
CREATE TABLE `cache` (
  `key` varchar(255) COLLATE utf8mb4_unicode_ci NOT NULL,
  `value` mediumtext COLLATE utf8mb4_unicode_ci NOT NULL,
  `expiration` int NOT NULL,
  PRIMARY KEY (`key`)
) ENGINE=InnoDB DEFAULT CHARSET=utf8mb4 COLLATE=utf8mb4_unicode_ci;
/*!40101 SET character_set_client = @saved_cs_client */;

--
-- Dumping data for table `cache`
--

LOCK TABLES `cache` WRITE;
/*!40000 ALTER TABLE `cache` DISABLE KEYS */;
INSERT INTO `cache` VALUES ('spatie.permission.cache','a:3:{s:5:\"alias\";a:4:{s:1:\"a\";s:2:\"id\";s:1:\"b\";s:4:\"name\";s:1:\"c\";s:10:\"guard_name\";s:1:\"r\";s:5:\"roles\";}s:11:\"permissions\";a:12:{i:0;a:4:{s:1:\"a\";i:1;s:1:\"b\";s:17:\"manage statistics\";s:1:\"c\";s:3:\"web\";s:1:\"r\";a:1:{i:0;i:3;}}i:1;a:4:{s:1:\"a\";i:2;s:1:\"b\";s:15:\"manage products\";s:1:\"c\";s:3:\"web\";s:1:\"r\";a:2:{i:0;i:1;i:1;i:3;}}i:2;a:4:{s:1:\"a\";i:3;s:1:\"b\";s:17:\"manage principles\";s:1:\"c\";s:3:\"web\";s:1:\"r\";a:1:{i:0;i:3;}}i:3;a:4:{s:1:\"a\";i:4;s:1:\"b\";s:19:\"manage testimonials\";s:1:\"c\";s:3:\"web\";s:1:\"r\";a:2:{i:0;i:1;i:1;i:3;}}i:4;a:4:{s:1:\"a\";i:5;s:1:\"b\";s:14:\"manage clients\";s:1:\"c\";s:3:\"web\";s:1:\"r\";a:1:{i:0;i:3;}}i:5;a:4:{s:1:\"a\";i:6;s:1:\"b\";s:12:\"manage teams\";s:1:\"c\";s:3:\"web\";s:1:\"r\";a:2:{i:0;i:2;i:1;i:3;}}i:6;a:4:{s:1:\"a\";i:7;s:1:\"b\";s:13:\"manage abouts\";s:1:\"c\";s:3:\"web\";s:1:\"r\";a:1:{i:0;i:3;}}i:7;a:4:{s:1:\"a\";i:8;s:1:\"b\";s:19:\"manage appointments\";s:1:\"c\";s:3:\"web\";s:1:\"r\";a:1:{i:0;i:3;}}i:8;a:4:{s:1:\"a\";i:9;s:1:\"b\";s:20:\"manage hero sections\";s:1:\"c\";s:3:\"web\";s:1:\"r\";a:2:{i:0;i:1;i:1;i:3;}}i:9;a:4:{s:1:\"a\";i:10;s:1:\"b\";s:16:\"manage locations\";s:1:\"c\";s:3:\"web\";s:1:\"r\";a:1:{i:0;i:3;}}i:10;a:4:{s:1:\"a\";i:11;s:1:\"b\";s:23:\"manage voucher packages\";s:1:\"c\";s:3:\"web\";s:1:\"r\";a:1:{i:0;i:3;}}i:11;a:4:{s:1:\"a\";i:12;s:1:\"b\";s:22:\"manage payment methods\";s:1:\"c\";s:3:\"web\";s:1:\"r\";a:1:{i:0;i:3;}}}s:5:\"roles\";a:3:{i:0;a:3:{s:1:\"a\";i:3;s:1:\"b\";s:11:\"super_admin\";s:1:\"c\";s:3:\"web\";}i:1;a:3:{s:1:\"a\";i:1;s:1:\"b\";s:14:\"design_manager\";s:1:\"c\";s:3:\"web\";}i:2;a:3:{s:1:\"a\";i:2;s:1:\"b\";s:19:\"operational_manager\";s:1:\"c\";s:3:\"web\";}}}',1729843269);
/*!40000 ALTER TABLE `cache` ENABLE KEYS */;
UNLOCK TABLES;

--
-- Table structure for table `cache_locks`
--

DROP TABLE IF EXISTS `cache_locks`;
/*!40101 SET @saved_cs_client     = @@character_set_client */;
/*!50503 SET character_set_client = utf8mb4 */;
CREATE TABLE `cache_locks` (
  `key` varchar(255) COLLATE utf8mb4_unicode_ci NOT NULL,
  `owner` varchar(255) COLLATE utf8mb4_unicode_ci NOT NULL,
  `expiration` int NOT NULL,
  PRIMARY KEY (`key`)
) ENGINE=InnoDB DEFAULT CHARSET=utf8mb4 COLLATE=utf8mb4_unicode_ci;
/*!40101 SET character_set_client = @saved_cs_client */;

--
-- Dumping data for table `cache_locks`
--

LOCK TABLES `cache_locks` WRITE;
/*!40000 ALTER TABLE `cache_locks` DISABLE KEYS */;
/*!40000 ALTER TABLE `cache_locks` ENABLE KEYS */;
UNLOCK TABLES;

--
-- Table structure for table `company_abouts`
--

DROP TABLE IF EXISTS `company_abouts`;
/*!40101 SET @saved_cs_client     = @@character_set_client */;
/*!50503 SET character_set_client = utf8mb4 */;
CREATE TABLE `company_abouts` (
  `id` bigint unsigned NOT NULL AUTO_INCREMENT,
  `name` varchar(255) COLLATE utf8mb4_unicode_ci NOT NULL,
  `thumbnail` varchar(255) COLLATE utf8mb4_unicode_ci NOT NULL,
  `type` varchar(255) COLLATE utf8mb4_unicode_ci NOT NULL,
  `deleted_at` timestamp NULL DEFAULT NULL,
  `created_at` timestamp NULL DEFAULT NULL,
  `updated_at` timestamp NULL DEFAULT NULL,
  PRIMARY KEY (`id`)
) ENGINE=InnoDB DEFAULT CHARSET=utf8mb4 COLLATE=utf8mb4_unicode_ci;
/*!40101 SET character_set_client = @saved_cs_client */;

--
-- Dumping data for table `company_abouts`
--

LOCK TABLES `company_abouts` WRITE;
/*!40000 ALTER TABLE `company_abouts` DISABLE KEYS */;
/*!40000 ALTER TABLE `company_abouts` ENABLE KEYS */;
UNLOCK TABLES;

--
-- Table structure for table `company_keypoints`
--

DROP TABLE IF EXISTS `company_keypoints`;
/*!40101 SET @saved_cs_client     = @@character_set_client */;
/*!50503 SET character_set_client = utf8mb4 */;
CREATE TABLE `company_keypoints` (
  `id` bigint unsigned NOT NULL AUTO_INCREMENT,
  `keypoint` varchar(255) COLLATE utf8mb4_unicode_ci NOT NULL,
  `company_about_id` bigint unsigned NOT NULL,
  `deleted_at` timestamp NULL DEFAULT NULL,
  `created_at` timestamp NULL DEFAULT NULL,
  `updated_at` timestamp NULL DEFAULT NULL,
  PRIMARY KEY (`id`),
  KEY `company_keypoints_company_about_id_foreign` (`company_about_id`),
  CONSTRAINT `company_keypoints_company_about_id_foreign` FOREIGN KEY (`company_about_id`) REFERENCES `company_abouts` (`id`) ON DELETE CASCADE
) ENGINE=InnoDB DEFAULT CHARSET=utf8mb4 COLLATE=utf8mb4_unicode_ci;
/*!40101 SET character_set_client = @saved_cs_client */;

--
-- Dumping data for table `company_keypoints`
--

LOCK TABLES `company_keypoints` WRITE;
/*!40000 ALTER TABLE `company_keypoints` DISABLE KEYS */;
/*!40000 ALTER TABLE `company_keypoints` ENABLE KEYS */;
UNLOCK TABLES;

--
-- Table structure for table `company_statistics`
--

DROP TABLE IF EXISTS `company_statistics`;
/*!40101 SET @saved_cs_client     = @@character_set_client */;
/*!50503 SET character_set_client = utf8mb4 */;
CREATE TABLE `company_statistics` (
  `id` bigint unsigned NOT NULL AUTO_INCREMENT,
  `name` varchar(255) COLLATE utf8mb4_unicode_ci NOT NULL,
  `goal` varchar(255) COLLATE utf8mb4_unicode_ci NOT NULL,
  `icon` varchar(255) COLLATE utf8mb4_unicode_ci NOT NULL,
  `deleted_at` timestamp NULL DEFAULT NULL,
  `created_at` timestamp NULL DEFAULT NULL,
  `updated_at` timestamp NULL DEFAULT NULL,
  PRIMARY KEY (`id`)
) ENGINE=InnoDB AUTO_INCREMENT=2 DEFAULT CHARSET=utf8mb4 COLLATE=utf8mb4_unicode_ci;
/*!40101 SET character_set_client = @saved_cs_client */;

--
-- Dumping data for table `company_statistics`
--

LOCK TABLES `company_statistics` WRITE;
/*!40000 ALTER TABLE `company_statistics` DISABLE KEYS */;
INSERT INTO `company_statistics` VALUES (1,'a','a','icons/Jyr6FNirlnhrK9DriOMCFqTC6iVVUg1THlh32wsq.png',NULL,'2024-10-23 00:02:16','2024-10-23 00:02:16');
/*!40000 ALTER TABLE `company_statistics` ENABLE KEYS */;
UNLOCK TABLES;

--
-- Table structure for table `failed_jobs`
--

DROP TABLE IF EXISTS `failed_jobs`;
/*!40101 SET @saved_cs_client     = @@character_set_client */;
/*!50503 SET character_set_client = utf8mb4 */;
CREATE TABLE `failed_jobs` (
  `id` bigint unsigned NOT NULL AUTO_INCREMENT,
  `uuid` varchar(255) COLLATE utf8mb4_unicode_ci NOT NULL,
  `connection` text COLLATE utf8mb4_unicode_ci NOT NULL,
  `queue` text COLLATE utf8mb4_unicode_ci NOT NULL,
  `payload` longtext COLLATE utf8mb4_unicode_ci NOT NULL,
  `exception` longtext COLLATE utf8mb4_unicode_ci NOT NULL,
  `failed_at` timestamp NOT NULL DEFAULT CURRENT_TIMESTAMP,
  PRIMARY KEY (`id`),
  UNIQUE KEY `failed_jobs_uuid_unique` (`uuid`)
) ENGINE=InnoDB DEFAULT CHARSET=utf8mb4 COLLATE=utf8mb4_unicode_ci;
/*!40101 SET character_set_client = @saved_cs_client */;

--
-- Dumping data for table `failed_jobs`
--

LOCK TABLES `failed_jobs` WRITE;
/*!40000 ALTER TABLE `failed_jobs` DISABLE KEYS */;
/*!40000 ALTER TABLE `failed_jobs` ENABLE KEYS */;
UNLOCK TABLES;

--
-- Table structure for table `hero_sections`
--

DROP TABLE IF EXISTS `hero_sections`;
/*!40101 SET @saved_cs_client     = @@character_set_client */;
/*!50503 SET character_set_client = utf8mb4 */;
CREATE TABLE `hero_sections` (
  `id` bigint unsigned NOT NULL AUTO_INCREMENT,
  `heading` varchar(255) COLLATE utf8mb4_unicode_ci NOT NULL,
  `banners` json DEFAULT NULL,
  `deleted_at` timestamp NULL DEFAULT NULL,
  `created_at` timestamp NULL DEFAULT NULL,
  `updated_at` timestamp NULL DEFAULT NULL,
  `banner` varchar(255) COLLATE utf8mb4_unicode_ci DEFAULT NULL,
  PRIMARY KEY (`id`)
) ENGINE=InnoDB AUTO_INCREMENT=6 DEFAULT CHARSET=utf8mb4 COLLATE=utf8mb4_unicode_ci;
/*!40101 SET character_set_client = @saved_cs_client */;

--
-- Dumping data for table `hero_sections`
--

LOCK TABLES `hero_sections` WRITE;
/*!40000 ALTER TABLE `hero_sections` DISABLE KEYS */;
INSERT INTO `hero_sections` VALUES (1,'a',NULL,'2024-10-22 23:21:06','2024-10-22 23:19:28','2024-10-22 23:21:06','banners/mClEuh2n1jppSYUIFdHVogz9FiiqQASlwplGXZdV.png'),(2,'D',NULL,'2024-10-23 22:24:59','2024-10-23 22:04:43','2024-10-23 22:24:59','banners/vCnXa8JTr4ndFNbhwrqgZr6RmsbYemSJ8ECkHTTd.png'),(3,'asdf',NULL,'2024-10-23 23:19:12','2024-10-23 22:30:55','2024-10-23 23:19:12','banners/NyVCNBSv7Zw5QFedcVFjHvnydRDqRdJUdev1io2p.png'),(4,'a',NULL,NULL,'2024-10-23 23:19:23','2024-10-23 23:19:23','banners/6r0rxMG3msXZzWrGG2h0jzl0BejdihSDE8X3O93i.png'),(5,'asf',NULL,NULL,'2024-10-23 23:19:32','2024-10-23 23:19:32','banners/AHRpfzPf6yFaRXJsLqs1xmJTAr4R6wousEJSnYmJ.png');
/*!40000 ALTER TABLE `hero_sections` ENABLE KEYS */;
UNLOCK TABLES;

--
-- Table structure for table `job_batches`
--

DROP TABLE IF EXISTS `job_batches`;
/*!40101 SET @saved_cs_client     = @@character_set_client */;
/*!50503 SET character_set_client = utf8mb4 */;
CREATE TABLE `job_batches` (
  `id` varchar(255) COLLATE utf8mb4_unicode_ci NOT NULL,
  `name` varchar(255) COLLATE utf8mb4_unicode_ci NOT NULL,
  `total_jobs` int NOT NULL,
  `pending_jobs` int NOT NULL,
  `failed_jobs` int NOT NULL,
  `failed_job_ids` longtext COLLATE utf8mb4_unicode_ci NOT NULL,
  `options` mediumtext COLLATE utf8mb4_unicode_ci,
  `cancelled_at` int DEFAULT NULL,
  `created_at` int NOT NULL,
  `finished_at` int DEFAULT NULL,
  PRIMARY KEY (`id`)
) ENGINE=InnoDB DEFAULT CHARSET=utf8mb4 COLLATE=utf8mb4_unicode_ci;
/*!40101 SET character_set_client = @saved_cs_client */;

--
-- Dumping data for table `job_batches`
--

LOCK TABLES `job_batches` WRITE;
/*!40000 ALTER TABLE `job_batches` DISABLE KEYS */;
/*!40000 ALTER TABLE `job_batches` ENABLE KEYS */;
UNLOCK TABLES;

--
-- Table structure for table `jobs`
--

DROP TABLE IF EXISTS `jobs`;
/*!40101 SET @saved_cs_client     = @@character_set_client */;
/*!50503 SET character_set_client = utf8mb4 */;
CREATE TABLE `jobs` (
  `id` bigint unsigned NOT NULL AUTO_INCREMENT,
  `queue` varchar(255) COLLATE utf8mb4_unicode_ci NOT NULL,
  `payload` longtext COLLATE utf8mb4_unicode_ci NOT NULL,
  `attempts` tinyint unsigned NOT NULL,
  `reserved_at` int unsigned DEFAULT NULL,
  `available_at` int unsigned NOT NULL,
  `created_at` int unsigned NOT NULL,
  PRIMARY KEY (`id`),
  KEY `jobs_queue_index` (`queue`)
) ENGINE=InnoDB DEFAULT CHARSET=utf8mb4 COLLATE=utf8mb4_unicode_ci;
/*!40101 SET character_set_client = @saved_cs_client */;

--
-- Dumping data for table `jobs`
--

LOCK TABLES `jobs` WRITE;
/*!40000 ALTER TABLE `jobs` DISABLE KEYS */;
/*!40000 ALTER TABLE `jobs` ENABLE KEYS */;
UNLOCK TABLES;

--
-- Table structure for table `locations`
--

DROP TABLE IF EXISTS `locations`;
/*!40101 SET @saved_cs_client     = @@character_set_client */;
/*!50503 SET character_set_client = utf8mb4 */;
CREATE TABLE `locations` (
  `id` bigint unsigned NOT NULL AUTO_INCREMENT,
  `name` varchar(255) COLLATE utf8mb4_unicode_ci NOT NULL,
  `image` varchar(255) COLLATE utf8mb4_unicode_ci NOT NULL,
  `deleted_at` timestamp NULL DEFAULT NULL,
  `created_at` timestamp NULL DEFAULT NULL,
  `updated_at` timestamp NULL DEFAULT NULL,
  PRIMARY KEY (`id`)
) ENGINE=InnoDB AUTO_INCREMENT=2 DEFAULT CHARSET=utf8mb4 COLLATE=utf8mb4_unicode_ci;
/*!40101 SET character_set_client = @saved_cs_client */;

--
-- Dumping data for table `locations`
--

LOCK TABLES `locations` WRITE;
/*!40000 ALTER TABLE `locations` DISABLE KEYS */;
INSERT INTO `locations` VALUES (1,'15GB - 7 hari','locations/j42QCylLc8UmPx1QbYrkyhin92dY6JjvfiykhWdH.png',NULL,'2024-10-23 00:03:57','2024-10-23 00:03:57');
/*!40000 ALTER TABLE `locations` ENABLE KEYS */;
UNLOCK TABLES;

--
-- Table structure for table `migrations`
--

DROP TABLE IF EXISTS `migrations`;
/*!40101 SET @saved_cs_client     = @@character_set_client */;
/*!50503 SET character_set_client = utf8mb4 */;
CREATE TABLE `migrations` (
  `id` int unsigned NOT NULL AUTO_INCREMENT,
  `migration` varchar(255) COLLATE utf8mb4_unicode_ci NOT NULL,
  `batch` int NOT NULL,
  PRIMARY KEY (`id`)
) ENGINE=InnoDB AUTO_INCREMENT=28 DEFAULT CHARSET=utf8mb4 COLLATE=utf8mb4_unicode_ci;
/*!40101 SET character_set_client = @saved_cs_client */;

--
-- Dumping data for table `migrations`
--

LOCK TABLES `migrations` WRITE;
/*!40000 ALTER TABLE `migrations` DISABLE KEYS */;
INSERT INTO `migrations` VALUES (1,'0001_01_01_000000_create_users_table',1),(2,'0001_01_01_000001_create_cache_table',1),(3,'0001_01_01_000002_create_jobs_table',1),(4,'2024_05_23_125623_create_permission_tables',1),(5,'2024_05_23_133631_create_company_statistics_table',1),(6,'2024_05_23_133754_create_project_clients_table',1),(7,'2024_05_23_133812_create_testimonials_table',1),(8,'2024_05_23_133824_create_products_table',1),(9,'2024_05_23_133844_create_appointments_table',1),(10,'2024_05_23_133902_create_our_principles_table',1),(11,'2024_05_23_133918_create_hero_sections_table',1),(12,'2024_05_23_133937_create_our_teams_table',1),(13,'2024_05_23_134000_create_company_abouts_table',1),(14,'2024_05_23_134015_create_company_keypoints_table',1),(15,'2024_09_06_071813_add_banner_to_hero_sections_table',1),(16,'2024_09_13_061102_create_locations_table',1),(17,'2024_09_13_061123_create_voucher_packages_table',1),(18,'2024_10_12_035903_create_tentang_kami_table',1),(19,'2024_10_14_063419_create_about_us_table',1),(20,'2024_10_16_233925_add_keypoints_to_about_us_table',1),(21,'2024_10_17_005235_create_super_teams_table',1),(22,'2024_10_17_005511_create_certifications_table',1),(23,'2024_10_17_082119_create_product_identities_table',1),(24,'2024_10_18_021100_drop_product_identities_table',1),(25,'2024_10_21_010320_alter_message_column_in_testimonials_table',1),(26,'2024_10_23_030021_add_slug_to_products_table',1),(27,'2024_10_24_060359_remove_columns_from_hero_sections_table',2);
/*!40000 ALTER TABLE `migrations` ENABLE KEYS */;
UNLOCK TABLES;

--
-- Table structure for table `model_has_permissions`
--

DROP TABLE IF EXISTS `model_has_permissions`;
/*!40101 SET @saved_cs_client     = @@character_set_client */;
/*!50503 SET character_set_client = utf8mb4 */;
CREATE TABLE `model_has_permissions` (
  `permission_id` bigint unsigned NOT NULL,
  `model_type` varchar(255) COLLATE utf8mb4_unicode_ci NOT NULL,
  `model_id` bigint unsigned NOT NULL,
  PRIMARY KEY (`permission_id`,`model_id`,`model_type`),
  KEY `model_has_permissions_model_id_model_type_index` (`model_id`,`model_type`),
  CONSTRAINT `model_has_permissions_permission_id_foreign` FOREIGN KEY (`permission_id`) REFERENCES `permissions` (`id`) ON DELETE CASCADE
) ENGINE=InnoDB DEFAULT CHARSET=utf8mb4 COLLATE=utf8mb4_unicode_ci;
/*!40101 SET character_set_client = @saved_cs_client */;

--
-- Dumping data for table `model_has_permissions`
--

LOCK TABLES `model_has_permissions` WRITE;
/*!40000 ALTER TABLE `model_has_permissions` DISABLE KEYS */;
/*!40000 ALTER TABLE `model_has_permissions` ENABLE KEYS */;
UNLOCK TABLES;

--
-- Table structure for table `model_has_roles`
--

DROP TABLE IF EXISTS `model_has_roles`;
/*!40101 SET @saved_cs_client     = @@character_set_client */;
/*!50503 SET character_set_client = utf8mb4 */;
CREATE TABLE `model_has_roles` (
  `role_id` bigint unsigned NOT NULL,
  `model_type` varchar(255) COLLATE utf8mb4_unicode_ci NOT NULL,
  `model_id` bigint unsigned NOT NULL,
  PRIMARY KEY (`role_id`,`model_id`,`model_type`),
  KEY `model_has_roles_model_id_model_type_index` (`model_id`,`model_type`),
  CONSTRAINT `model_has_roles_role_id_foreign` FOREIGN KEY (`role_id`) REFERENCES `roles` (`id`) ON DELETE CASCADE
) ENGINE=InnoDB DEFAULT CHARSET=utf8mb4 COLLATE=utf8mb4_unicode_ci;
/*!40101 SET character_set_client = @saved_cs_client */;

--
-- Dumping data for table `model_has_roles`
--

LOCK TABLES `model_has_roles` WRITE;
/*!40000 ALTER TABLE `model_has_roles` DISABLE KEYS */;
INSERT INTO `model_has_roles` VALUES (3,'App\\Models\\User',1),(1,'App\\Models\\User',2),(2,'App\\Models\\User',3);
/*!40000 ALTER TABLE `model_has_roles` ENABLE KEYS */;
UNLOCK TABLES;

--
-- Table structure for table `our_certifications`
--

DROP TABLE IF EXISTS `our_certifications`;
/*!40101 SET @saved_cs_client     = @@character_set_client */;
/*!50503 SET character_set_client = utf8mb4 */;
CREATE TABLE `our_certifications` (
  `id` bigint unsigned NOT NULL AUTO_INCREMENT,
  `title` varchar(255) COLLATE utf8mb4_unicode_ci NOT NULL,
  `description` text COLLATE utf8mb4_unicode_ci NOT NULL,
  `logo` varchar(255) COLLATE utf8mb4_unicode_ci DEFAULT NULL,
  `created_at` timestamp NULL DEFAULT NULL,
  `updated_at` timestamp NULL DEFAULT NULL,
  PRIMARY KEY (`id`)
) ENGINE=InnoDB AUTO_INCREMENT=5 DEFAULT CHARSET=utf8mb4 COLLATE=utf8mb4_unicode_ci;
/*!40101 SET character_set_client = @saved_cs_client */;

--
-- Dumping data for table `our_certifications`
--

LOCK TABLES `our_certifications` WRITE;
/*!40000 ALTER TABLE `our_certifications` DISABLE KEYS */;
INSERT INTO `our_certifications` VALUES (4,'adf','<p>asdf</p>','certifications/rb98qSJ2mdKwASs8dgUZT6KFk9qyvVflD3mf69jG.png','2024-10-24 17:06:21','2024-10-24 17:06:21');
/*!40000 ALTER TABLE `our_certifications` ENABLE KEYS */;
UNLOCK TABLES;

--
-- Table structure for table `our_principles`
--

DROP TABLE IF EXISTS `our_principles`;
/*!40101 SET @saved_cs_client     = @@character_set_client */;
/*!50503 SET character_set_client = utf8mb4 */;
CREATE TABLE `our_principles` (
  `id` bigint unsigned NOT NULL AUTO_INCREMENT,
  `subtitle` varchar(255) COLLATE utf8mb4_unicode_ci NOT NULL,
  `name` varchar(255) COLLATE utf8mb4_unicode_ci NOT NULL,
  `thumbnail` varchar(255) COLLATE utf8mb4_unicode_ci NOT NULL,
  `icon` varchar(255) COLLATE utf8mb4_unicode_ci DEFAULT NULL,
  `deleted_at` timestamp NULL DEFAULT NULL,
  `created_at` timestamp NULL DEFAULT NULL,
  `updated_at` timestamp NULL DEFAULT NULL,
  PRIMARY KEY (`id`)
) ENGINE=InnoDB AUTO_INCREMENT=5 DEFAULT CHARSET=utf8mb4 COLLATE=utf8mb4_unicode_ci;
/*!40101 SET character_set_client = @saved_cs_client */;

--
-- Dumping data for table `our_principles`
--

LOCK TABLES `our_principles` WRITE;
/*!40000 ALTER TABLE `our_principles` DISABLE KEYS */;
INSERT INTO `our_principles` VALUES (1,'Integrity','Commitment to Honesty','thumbnails/integrity.jpg','icons/integrity-icon.png','2024-10-23 17:40:24','2024-10-22 19:10:03','2024-10-23 17:40:24'),(2,'Excellence','Strive for Quality','thumbnails/OEKcjj5xUzRwaGSL5sAgVO2UCLdlcnJ61fnUFrmH.png','icons/excellence-icon.png','2024-10-23 17:40:30','2024-10-22 19:10:03','2024-10-23 17:40:30'),(3,'asdfasdfsadf','Excellence','thumbnails/ExbpjEHLloHPzgVCB01B4r0Cn9hB6tmgEN3Hmc3n.png',NULL,'2024-10-23 17:40:21','2024-10-23 17:37:33','2024-10-23 17:40:21'),(4,'aset','test','thumbnails/GEhv4mYg51EZDbfF9W793LLP8Pzw8AeEThQVBnlD.png',NULL,NULL,'2024-10-23 22:14:57','2024-10-23 22:14:57');
/*!40000 ALTER TABLE `our_principles` ENABLE KEYS */;
UNLOCK TABLES;

--
-- Table structure for table `our_teams`
--

DROP TABLE IF EXISTS `our_teams`;
/*!40101 SET @saved_cs_client     = @@character_set_client */;
/*!50503 SET character_set_client = utf8mb4 */;
CREATE TABLE `our_teams` (
  `id` bigint unsigned NOT NULL AUTO_INCREMENT,
  `occupation` varchar(255) COLLATE utf8mb4_unicode_ci NOT NULL,
  `name` varchar(255) COLLATE utf8mb4_unicode_ci NOT NULL,
  `avatar` varchar(255) COLLATE utf8mb4_unicode_ci NOT NULL,
  `team` varchar(255) COLLATE utf8mb4_unicode_ci NOT NULL,
  `location` varchar(255) COLLATE utf8mb4_unicode_ci NOT NULL,
  `deleted_at` timestamp NULL DEFAULT NULL,
  `created_at` timestamp NULL DEFAULT NULL,
  `updated_at` timestamp NULL DEFAULT NULL,
  PRIMARY KEY (`id`)
) ENGINE=InnoDB AUTO_INCREMENT=8 DEFAULT CHARSET=utf8mb4 COLLATE=utf8mb4_unicode_ci;
/*!40101 SET character_set_client = @saved_cs_client */;

--
-- Dumping data for table `our_teams`
--

LOCK TABLES `our_teams` WRITE;
/*!40000 ALTER TABLE `our_teams` DISABLE KEYS */;
INSERT INTO `our_teams` VALUES (1,'Developer','John Doe','avatars/RwEZsshgOt9qwAAPZCcpHfvnWdPpEuieZHPXOOTB.jpg','Pimpinan','New York, USA','2024-10-23 22:37:51','2024-10-22 19:10:03','2024-10-23 22:37:51'),(2,'Designer','Jane Smith','avatars/VHzGETbxuaU0wvNF0pQalri0RUq7FFO4xowbtA1c.jpg','IT & Administrative Team','Los Angeles, USA','2024-10-23 22:37:48','2024-10-22 19:10:03','2024-10-23 22:37:48'),(3,'Designer','Jane Mills','avatars/jane_smith.jpg','Technician Team','Los Angeles, USA','2024-10-22 19:31:43','2024-10-22 19:10:03','2024-10-22 19:31:43'),(4,'Software','John Due','avatars/1Trbiw6pwJyEGhcwlzdjMmmC9wjBc0lFFZK8WSnR.jpg','Technician Team','Jakrta','2024-10-23 22:37:46','2024-10-22 19:32:01','2024-10-23 22:37:46'),(5,'Pekerjaan','Nama','avatars/phlynOIOPgGum6tkppnEkrChSh6okEA0VSQonNGv.jpg','Technician Team','Jakarta','2024-10-23 22:37:44','2024-10-22 19:43:39','2024-10-23 22:37:44'),(6,'CDV','Uma','avatars/651OvBN8pqD0CHypZDxgt8FwYjCeZ7TawTlPHC55.jpg','IT & Administrative Team','Sabanar Lama','2024-10-24 17:13:36','2024-10-23 22:37:38','2024-10-24 17:13:36'),(7,'dfgs','adf','avatars/gZeYstBiv4wEjNAJPnuQsZkeBArtn6PMyGwPxVGV.jpg','Pimpinan','dfg',NULL,'2024-10-24 17:14:12','2024-10-24 17:14:12');
/*!40000 ALTER TABLE `our_teams` ENABLE KEYS */;
UNLOCK TABLES;

--
-- Table structure for table `password_reset_tokens`
--

DROP TABLE IF EXISTS `password_reset_tokens`;
/*!40101 SET @saved_cs_client     = @@character_set_client */;
/*!50503 SET character_set_client = utf8mb4 */;
CREATE TABLE `password_reset_tokens` (
  `email` varchar(255) COLLATE utf8mb4_unicode_ci NOT NULL,
  `token` varchar(255) COLLATE utf8mb4_unicode_ci NOT NULL,
  `created_at` timestamp NULL DEFAULT NULL,
  PRIMARY KEY (`email`)
) ENGINE=InnoDB DEFAULT CHARSET=utf8mb4 COLLATE=utf8mb4_unicode_ci;
/*!40101 SET character_set_client = @saved_cs_client */;

--
-- Dumping data for table `password_reset_tokens`
--

LOCK TABLES `password_reset_tokens` WRITE;
/*!40000 ALTER TABLE `password_reset_tokens` DISABLE KEYS */;
/*!40000 ALTER TABLE `password_reset_tokens` ENABLE KEYS */;
UNLOCK TABLES;

--
-- Table structure for table `permissions`
--

DROP TABLE IF EXISTS `permissions`;
/*!40101 SET @saved_cs_client     = @@character_set_client */;
/*!50503 SET character_set_client = utf8mb4 */;
CREATE TABLE `permissions` (
  `id` bigint unsigned NOT NULL AUTO_INCREMENT,
  `name` varchar(255) COLLATE utf8mb4_unicode_ci NOT NULL,
  `guard_name` varchar(255) COLLATE utf8mb4_unicode_ci NOT NULL,
  `created_at` timestamp NULL DEFAULT NULL,
  `updated_at` timestamp NULL DEFAULT NULL,
  PRIMARY KEY (`id`),
  UNIQUE KEY `permissions_name_guard_name_unique` (`name`,`guard_name`)
) ENGINE=InnoDB AUTO_INCREMENT=13 DEFAULT CHARSET=utf8mb4 COLLATE=utf8mb4_unicode_ci;
/*!40101 SET character_set_client = @saved_cs_client */;

--
-- Dumping data for table `permissions`
--

LOCK TABLES `permissions` WRITE;
/*!40000 ALTER TABLE `permissions` DISABLE KEYS */;
INSERT INTO `permissions` VALUES (1,'manage statistics','web','2024-10-22 19:10:03','2024-10-22 19:10:03'),(2,'manage products','web','2024-10-22 19:10:03','2024-10-22 19:10:03'),(3,'manage principles','web','2024-10-22 19:10:03','2024-10-22 19:10:03'),(4,'manage testimonials','web','2024-10-22 19:10:03','2024-10-22 19:10:03'),(5,'manage clients','web','2024-10-22 19:10:03','2024-10-22 19:10:03'),(6,'manage teams','web','2024-10-22 19:10:03','2024-10-22 19:10:03'),(7,'manage abouts','web','2024-10-22 19:10:03','2024-10-22 19:10:03'),(8,'manage appointments','web','2024-10-22 19:10:03','2024-10-22 19:10:03'),(9,'manage hero sections','web','2024-10-22 19:10:03','2024-10-22 19:10:03'),(10,'manage locations','web','2024-10-22 19:10:03','2024-10-22 19:10:03'),(11,'manage voucher packages','web','2024-10-22 19:10:03','2024-10-22 19:10:03'),(12,'manage payment methods','web','2024-10-22 19:10:03','2024-10-22 19:10:03');
/*!40000 ALTER TABLE `permissions` ENABLE KEYS */;
UNLOCK TABLES;

--
-- Table structure for table `product_identities`
--

DROP TABLE IF EXISTS `product_identities`;
/*!40101 SET @saved_cs_client     = @@character_set_client */;
/*!50503 SET character_set_client = utf8mb4 */;
CREATE TABLE `product_identities` (
  `id` bigint unsigned NOT NULL AUTO_INCREMENT,
  `name` varchar(255) COLLATE utf8mb4_unicode_ci NOT NULL,
  `description` text COLLATE utf8mb4_unicode_ci NOT NULL,
  `logo` varchar(255) COLLATE utf8mb4_unicode_ci DEFAULT NULL,
  `details` text COLLATE utf8mb4_unicode_ci,
  `vision` text COLLATE utf8mb4_unicode_ci,
  `mission` text COLLATE utf8mb4_unicode_ci,
  `contentl1` text COLLATE utf8mb4_unicode_ci,
  `contentl2` text COLLATE utf8mb4_unicode_ci,
  `contentl3` text COLLATE utf8mb4_unicode_ci,
  `created_at` timestamp NULL DEFAULT NULL,
  `updated_at` timestamp NULL DEFAULT NULL,
  PRIMARY KEY (`id`)
) ENGINE=InnoDB AUTO_INCREMENT=5 DEFAULT CHARSET=utf8mb4 COLLATE=utf8mb4_unicode_ci;
/*!40101 SET character_set_client = @saved_cs_client */;

--
-- Dumping data for table `product_identities`
--

LOCK TABLES `product_identities` WRITE;
/*!40000 ALTER TABLE `product_identities` DISABLE KEYS */;
INSERT INTO `product_identities` VALUES (4,'asdf','<p>asdf</p>','product_identities/2xA6XW7KFQq0ruIg3sVgatMFQZlQumN0EBQQHREv.png','<p>asdf</p>','<p>asdf</p>','<p>asdf</p>','<p>asdf</p>','<p>asdf</p>','<p>asdf</p>','2024-10-24 17:08:31','2024-10-24 17:08:31');
/*!40000 ALTER TABLE `product_identities` ENABLE KEYS */;
UNLOCK TABLES;

--
-- Table structure for table `products`
--

DROP TABLE IF EXISTS `products`;
/*!40101 SET @saved_cs_client     = @@character_set_client */;
/*!50503 SET character_set_client = utf8mb4 */;
CREATE TABLE `products` (
  `id` bigint unsigned NOT NULL AUTO_INCREMENT,
  `about` text COLLATE utf8mb4_unicode_ci NOT NULL,
  `thumbnail` varchar(255) COLLATE utf8mb4_unicode_ci NOT NULL,
  `tagline` varchar(255) COLLATE utf8mb4_unicode_ci NOT NULL,
  `name` varchar(255) COLLATE utf8mb4_unicode_ci NOT NULL,
  `deleted_at` timestamp NULL DEFAULT NULL,
  `created_at` timestamp NULL DEFAULT NULL,
  `updated_at` timestamp NULL DEFAULT NULL,
  `slug` varchar(255) COLLATE utf8mb4_unicode_ci NOT NULL,
  PRIMARY KEY (`id`),
  UNIQUE KEY `products_name_unique` (`name`),
  UNIQUE KEY `products_slug_unique` (`slug`)
) ENGINE=InnoDB AUTO_INCREMENT=3 DEFAULT CHARSET=utf8mb4 COLLATE=utf8mb4_unicode_ci;
/*!40101 SET character_set_client = @saved_cs_client */;

--
-- Dumping data for table `products`
--

LOCK TABLES `products` WRITE;
/*!40000 ALTER TABLE `products` DISABLE KEYS */;
INSERT INTO `products` VALUES (2,'A','thumbnails/k4KgdGIxfR5TAxzSQlk4IC0JyCTvV1eba6FJwYlf.png','B','Product A',NULL,'2024-10-22 19:10:51','2024-10-24 18:07:33','product-a');
/*!40000 ALTER TABLE `products` ENABLE KEYS */;
UNLOCK TABLES;

--
-- Table structure for table `project_clients`
--

DROP TABLE IF EXISTS `project_clients`;
/*!40101 SET @saved_cs_client     = @@character_set_client */;
/*!50503 SET character_set_client = utf8mb4 */;
CREATE TABLE `project_clients` (
  `id` bigint unsigned NOT NULL AUTO_INCREMENT,
  `name` varchar(255) COLLATE utf8mb4_unicode_ci NOT NULL,
  `occupation` varchar(255) COLLATE utf8mb4_unicode_ci NOT NULL,
  `avatar` varchar(255) COLLATE utf8mb4_unicode_ci NOT NULL,
  `logo` varchar(255) COLLATE utf8mb4_unicode_ci NOT NULL,
  `deleted_at` timestamp NULL DEFAULT NULL,
  `created_at` timestamp NULL DEFAULT NULL,
  `updated_at` timestamp NULL DEFAULT NULL,
  PRIMARY KEY (`id`)
) ENGINE=InnoDB AUTO_INCREMENT=6 DEFAULT CHARSET=utf8mb4 COLLATE=utf8mb4_unicode_ci;
/*!40101 SET character_set_client = @saved_cs_client */;

--
-- Dumping data for table `project_clients`
--

LOCK TABLES `project_clients` WRITE;
/*!40000 ALTER TABLE `project_clients` DISABLE KEYS */;
INSERT INTO `project_clients` VALUES (1,'Dedi Cahyadi','Pekerjaan','avatars/TOzsiQH88IIlmU7tQDmjFrpqCqsQyxE8O2MQZcft.jpg','logos/qOE9HaBkziHUAvRGW71qLscaU9BDAdyMmY24cAZN.png','2024-10-24 17:34:26','2024-10-22 19:39:05','2024-10-24 17:34:26'),(2,'Nama','Pekerjaan','avatars/eNopzYsuLSGg6QmbZ5T5HxOCA4HbIbbdlfHdH7Hw.jpg','logos/TmoS3Wt24FOGmwq9lYUBuDSo7iPUd45vDcbBufAv.png','2024-10-24 17:39:36','2024-10-22 19:42:06','2024-10-24 17:39:36'),(3,'Bid','Pekerjaan','avatars/rVCIUgGgChBaBRXCsY72amibQx0qrTl5rlob9DrQ.jpg','logos/1u1tMQ94f5ZbSBq2yu3hW5ajUHy1CUv2hYnDMuOB.png','2024-10-24 17:39:33','2024-10-23 19:52:14','2024-10-24 17:39:33'),(4,'Muhammad Wyzer','asdf','avatars/COjbZEmoQ3hHFssk4KhSr8e7naBR3tOfdIz72nnH.jpg','logos/MeAXYr2CZyF8AgKbzdqYY2xz31Y3uCmoJoZfSv2H.png','2024-10-24 17:50:08','2024-10-24 17:47:58','2024-10-24 17:50:08'),(5,'Mahira','Pramugari','avatars/f9lugbl152b0pEbgqJU13ztySYiKSQBexdb6hFrz.jpg','logos/g5r6gHPZZeX4j5oMkIixLgcnzC5P44wFgzHFV3To.jpg','2024-10-24 17:53:20','2024-10-24 17:50:54','2024-10-24 17:53:20');
/*!40000 ALTER TABLE `project_clients` ENABLE KEYS */;
UNLOCK TABLES;

--
-- Table structure for table `role_has_permissions`
--

DROP TABLE IF EXISTS `role_has_permissions`;
/*!40101 SET @saved_cs_client     = @@character_set_client */;
/*!50503 SET character_set_client = utf8mb4 */;
CREATE TABLE `role_has_permissions` (
  `permission_id` bigint unsigned NOT NULL,
  `role_id` bigint unsigned NOT NULL,
  PRIMARY KEY (`permission_id`,`role_id`),
  KEY `role_has_permissions_role_id_foreign` (`role_id`),
  CONSTRAINT `role_has_permissions_permission_id_foreign` FOREIGN KEY (`permission_id`) REFERENCES `permissions` (`id`) ON DELETE CASCADE,
  CONSTRAINT `role_has_permissions_role_id_foreign` FOREIGN KEY (`role_id`) REFERENCES `roles` (`id`) ON DELETE CASCADE
) ENGINE=InnoDB DEFAULT CHARSET=utf8mb4 COLLATE=utf8mb4_unicode_ci;
/*!40101 SET character_set_client = @saved_cs_client */;

--
-- Dumping data for table `role_has_permissions`
--

LOCK TABLES `role_has_permissions` WRITE;
/*!40000 ALTER TABLE `role_has_permissions` DISABLE KEYS */;
INSERT INTO `role_has_permissions` VALUES (2,1),(4,1),(9,1),(6,2),(1,3),(2,3),(3,3),(4,3),(5,3),(6,3),(7,3),(8,3),(9,3),(10,3),(11,3),(12,3);
/*!40000 ALTER TABLE `role_has_permissions` ENABLE KEYS */;
UNLOCK TABLES;

--
-- Table structure for table `roles`
--

DROP TABLE IF EXISTS `roles`;
/*!40101 SET @saved_cs_client     = @@character_set_client */;
/*!50503 SET character_set_client = utf8mb4 */;
CREATE TABLE `roles` (
  `id` bigint unsigned NOT NULL AUTO_INCREMENT,
  `name` varchar(255) COLLATE utf8mb4_unicode_ci NOT NULL,
  `guard_name` varchar(255) COLLATE utf8mb4_unicode_ci NOT NULL,
  `created_at` timestamp NULL DEFAULT NULL,
  `updated_at` timestamp NULL DEFAULT NULL,
  PRIMARY KEY (`id`),
  UNIQUE KEY `roles_name_guard_name_unique` (`name`,`guard_name`)
) ENGINE=InnoDB AUTO_INCREMENT=4 DEFAULT CHARSET=utf8mb4 COLLATE=utf8mb4_unicode_ci;
/*!40101 SET character_set_client = @saved_cs_client */;

--
-- Dumping data for table `roles`
--

LOCK TABLES `roles` WRITE;
/*!40000 ALTER TABLE `roles` DISABLE KEYS */;
INSERT INTO `roles` VALUES (1,'design_manager','web','2024-10-22 19:10:03','2024-10-22 19:10:03'),(2,'operational_manager','web','2024-10-22 19:10:03','2024-10-22 19:10:03'),(3,'super_admin','web','2024-10-22 19:10:03','2024-10-22 19:10:03');
/*!40000 ALTER TABLE `roles` ENABLE KEYS */;
UNLOCK TABLES;

--
-- Table structure for table `sessions`
--

DROP TABLE IF EXISTS `sessions`;
/*!40101 SET @saved_cs_client     = @@character_set_client */;
/*!50503 SET character_set_client = utf8mb4 */;
CREATE TABLE `sessions` (
  `id` varchar(255) COLLATE utf8mb4_unicode_ci NOT NULL,
  `user_id` bigint unsigned DEFAULT NULL,
  `ip_address` varchar(45) COLLATE utf8mb4_unicode_ci DEFAULT NULL,
  `user_agent` text COLLATE utf8mb4_unicode_ci,
  `payload` longtext COLLATE utf8mb4_unicode_ci NOT NULL,
  `last_activity` int NOT NULL,
  PRIMARY KEY (`id`),
  KEY `sessions_user_id_index` (`user_id`),
  KEY `sessions_last_activity_index` (`last_activity`)
) ENGINE=InnoDB DEFAULT CHARSET=utf8mb4 COLLATE=utf8mb4_unicode_ci;
/*!40101 SET character_set_client = @saved_cs_client */;

--
-- Dumping data for table `sessions`
--

LOCK TABLES `sessions` WRITE;
/*!40000 ALTER TABLE `sessions` DISABLE KEYS */;
INSERT INTO `sessions` VALUES ('YMVpXAQ5174T8CWtulJqwJHPBORwputs8nBSa7c8',NULL,'127.0.0.1','Mozilla/5.0 (Windows NT 10.0; Win64; x64) AppleWebKit/537.36 (KHTML, like Gecko) Chrome/130.0.0.0 Safari/537.36','YTozOntzOjY6Il90b2tlbiI7czo0MDoiTVVaVXBXZlFHNTRqb3l4dXVJSnVzQjlMU0xka1M3STlDeUdWaUdHeCI7czo2OiJfZmxhc2giO2E6Mjp7czozOiJvbGQiO2E6MDp7fXM6MzoibmV3IjthOjA6e319czo5OiJfcHJldmlvdXMiO2E6MTp7czozOiJ1cmwiO3M6MjE6Imh0dHA6Ly9sb2NhbGhvc3Q6ODAwMCI7fX0=',1729822231);
/*!40000 ALTER TABLE `sessions` ENABLE KEYS */;
UNLOCK TABLES;

--
-- Table structure for table `super_teams`
--

DROP TABLE IF EXISTS `super_teams`;
/*!40101 SET @saved_cs_client     = @@character_set_client */;
/*!50503 SET character_set_client = utf8mb4 */;
CREATE TABLE `super_teams` (
  `id` bigint unsigned NOT NULL AUTO_INCREMENT,
  `title` varchar(255) COLLATE utf8mb4_unicode_ci NOT NULL,
  `description` text COLLATE utf8mb4_unicode_ci NOT NULL,
  `image` varchar(255) COLLATE utf8mb4_unicode_ci DEFAULT NULL,
  `created_at` timestamp NULL DEFAULT NULL,
  `updated_at` timestamp NULL DEFAULT NULL,
  PRIMARY KEY (`id`)
) ENGINE=InnoDB AUTO_INCREMENT=3 DEFAULT CHARSET=utf8mb4 COLLATE=utf8mb4_unicode_ci;
/*!40101 SET character_set_client = @saved_cs_client */;

--
-- Dumping data for table `super_teams`
--

LOCK TABLES `super_teams` WRITE;
/*!40000 ALTER TABLE `super_teams` DISABLE KEYS */;
INSERT INTO `super_teams` VALUES (2,'sdfa','asdf','images/aQ8xErOLNH03MNWeLYYArU4r8YoBseh3hsR1OLkV.png','2024-10-24 17:11:12','2024-10-24 17:11:12');
/*!40000 ALTER TABLE `super_teams` ENABLE KEYS */;
UNLOCK TABLES;

--
-- Table structure for table `tentang_kami`
--

DROP TABLE IF EXISTS `tentang_kami`;
/*!40101 SET @saved_cs_client     = @@character_set_client */;
/*!50503 SET character_set_client = utf8mb4 */;
CREATE TABLE `tentang_kami` (
  `id` bigint unsigned NOT NULL AUTO_INCREMENT,
  `created_at` timestamp NULL DEFAULT NULL,
  `updated_at` timestamp NULL DEFAULT NULL,
  PRIMARY KEY (`id`)
) ENGINE=InnoDB DEFAULT CHARSET=utf8mb4 COLLATE=utf8mb4_unicode_ci;
/*!40101 SET character_set_client = @saved_cs_client */;

--
-- Dumping data for table `tentang_kami`
--

LOCK TABLES `tentang_kami` WRITE;
/*!40000 ALTER TABLE `tentang_kami` DISABLE KEYS */;
/*!40000 ALTER TABLE `tentang_kami` ENABLE KEYS */;
UNLOCK TABLES;

--
-- Table structure for table `testimonials`
--

DROP TABLE IF EXISTS `testimonials`;
/*!40101 SET @saved_cs_client     = @@character_set_client */;
/*!50503 SET character_set_client = utf8mb4 */;
CREATE TABLE `testimonials` (
  `id` bigint unsigned NOT NULL AUTO_INCREMENT,
  `thumbnail` varchar(255) COLLATE utf8mb4_unicode_ci NOT NULL,
  `message` varchar(1000) COLLATE utf8mb4_unicode_ci NOT NULL,
  `project_client_id` bigint unsigned NOT NULL,
  `deleted_at` timestamp NULL DEFAULT NULL,
  `created_at` timestamp NULL DEFAULT NULL,
  `updated_at` timestamp NULL DEFAULT NULL,
  PRIMARY KEY (`id`),
  KEY `testimonials_project_client_id_foreign` (`project_client_id`),
  CONSTRAINT `testimonials_project_client_id_foreign` FOREIGN KEY (`project_client_id`) REFERENCES `project_clients` (`id`) ON DELETE CASCADE
) ENGINE=InnoDB AUTO_INCREMENT=9 DEFAULT CHARSET=utf8mb4 COLLATE=utf8mb4_unicode_ci;
/*!40101 SET character_set_client = @saved_cs_client */;

--
-- Dumping data for table `testimonials`
--

LOCK TABLES `testimonials` WRITE;
/*!40000 ALTER TABLE `testimonials` DISABLE KEYS */;
INSERT INTO `testimonials` VALUES (1,'thumbnails/DQWIA0C1JlarYy43A8tFF997qiczVxowhfNUkQ20.jpg','Lorem ipsum dolor sit amet, consectetur adipiscing elit, sed do eiusmod tempor incididunt ut labore et dolore magna aliqua. Ut enim ad minim veniam, quis nostrud exercitation ullamco laboris nisi ut aliquip ex ea',1,'2024-10-24 17:38:31','2024-10-23 19:48:17','2024-10-24 17:38:31'),(2,'thumbnails/1wzLIRwxm1hrFq12Yd9skx1IUONQiohCEuDMaouE.jpg','Lorem ipsum dolor sit amet, consectetur adipiscing elit, sed do eiusmod tempor incididunt ut labore et dolore magna aliqua. Ut enim ad minim veniam, quis nostrud exercitation ullamco laboris nisi ut aliquip ex ea',3,'2024-10-24 17:29:16','2024-10-23 22:39:26','2024-10-24 17:29:16'),(3,'thumbnails/mNwsbPKXrUC1vUg4GkoUPF8m2F1zIVce1vmmiAMZ.png','Lorem ipsum dolor sit amet, consectetur adipiscing elit, sed do eiusmod tempor incididunt ut labore et dolore magna aliqua. Ut enim ad minim veniam, quis nostrud exercitation ullamco laboris nisi ut aliquip ex ea',3,'2024-10-24 17:23:30','2024-10-23 22:40:20','2024-10-24 17:23:30'),(4,'thumbnails/sRVahMtc4mdjdqCx4stA5j2fGGnGWwRyBGALizCX.png','Lorem ipsum dolor sit amet, consectetur adipiscing elit, sed do eiusmod tempor incididunt ut labore et dolore magna aliqua. Ut enim ad minim veniam, quis nostrud exercitation ullamco laboris nisi ut aliquip ex ea',2,'2024-10-24 17:21:49','2024-10-23 22:40:31','2024-10-24 17:21:49'),(5,'thumbnails/dnXmSO1EupEfCiHqp4zI2Kwjyx5zVGTPrXEp1CXl.jpg','Lorem ipsum dolor sit amet, consectetur adipiscing elit, sed do eiusmod tempor incididunt ut labore et dolore magna aliqua. Ut enim ad minim veniam, quis nostrud exercitation ullamco laboris nisi ut aliquip ex ea',1,'2024-10-24 17:19:32','2024-10-23 22:41:11','2024-10-24 17:19:32'),(6,'thumbnails/EzkfqS5eaJnrGC6irFB9zJnoATNpXtcdXTFChD4R.jpg','sdf',3,'2024-10-24 17:46:55','2024-10-24 17:39:10','2024-10-24 17:46:55'),(7,'thumbnails/4T0TFxqxaj1rUk4sDRwBNDyEH6kXpido0xgrVm3c.jpg','Sangat bagus,',5,'2024-10-24 18:02:30','2024-10-24 17:51:33','2024-10-24 18:02:30'),(8,'thumbnails/yhU54DgIvRszp33lCNssnTqdmLynLRPyKuDhaq9W.jpg','Sangat bagus,',5,'2024-10-24 18:02:32','2024-10-24 17:51:43','2024-10-24 18:02:32');
/*!40000 ALTER TABLE `testimonials` ENABLE KEYS */;
UNLOCK TABLES;

--
-- Table structure for table `users`
--

DROP TABLE IF EXISTS `users`;
/*!40101 SET @saved_cs_client     = @@character_set_client */;
/*!50503 SET character_set_client = utf8mb4 */;
CREATE TABLE `users` (
  `id` bigint unsigned NOT NULL AUTO_INCREMENT,
  `name` varchar(255) COLLATE utf8mb4_unicode_ci NOT NULL,
  `email` varchar(255) COLLATE utf8mb4_unicode_ci NOT NULL,
  `email_verified_at` timestamp NULL DEFAULT NULL,
  `password` varchar(255) COLLATE utf8mb4_unicode_ci NOT NULL,
  `remember_token` varchar(100) COLLATE utf8mb4_unicode_ci DEFAULT NULL,
  `created_at` timestamp NULL DEFAULT NULL,
  `updated_at` timestamp NULL DEFAULT NULL,
  PRIMARY KEY (`id`),
  UNIQUE KEY `users_email_unique` (`email`)
) ENGINE=InnoDB AUTO_INCREMENT=4 DEFAULT CHARSET=utf8mb4 COLLATE=utf8mb4_unicode_ci;
/*!40101 SET character_set_client = @saved_cs_client */;

--
-- Dumping data for table `users`
--

LOCK TABLES `users` WRITE;
/*!40000 ALTER TABLE `users` DISABLE KEYS */;
INSERT INTO `users` VALUES (1,'super_admin','super@admin.com','2024-10-22 19:10:03','$2y$12$w/4zgCtK0u9ZS9NHDOFUMO8PynLIKmc6wY5ARpsJVSfgxONln1Ct.',NULL,'2024-10-22 19:10:03','2024-10-22 19:10:03'),(2,'design_manager','design.manager@example.com','2024-10-22 19:10:03','$2y$12$IlF1.zcRk1ye5zyHdZQ45u627q8esYHe5Fr3qchzUlqxO3tyAa.IO',NULL,'2024-10-22 19:10:03','2024-10-22 19:10:03'),(3,'operational_manager','operational.manager@example.com','2024-10-22 19:10:03','$2y$12$Bj6tSVeGIKjfmzhvzGu0IudfId5RJjsHVoHdAV9VMXpaX7NdIRaKK',NULL,'2024-10-22 19:10:03','2024-10-22 19:10:03');
/*!40000 ALTER TABLE `users` ENABLE KEYS */;
UNLOCK TABLES;

--
-- Table structure for table `voucher_packages`
--

DROP TABLE IF EXISTS `voucher_packages`;
/*!40101 SET @saved_cs_client     = @@character_set_client */;
/*!50503 SET character_set_client = utf8mb4 */;
CREATE TABLE `voucher_packages` (
  `id` bigint unsigned NOT NULL AUTO_INCREMENT,
  `name` varchar(255) COLLATE utf8mb4_unicode_ci NOT NULL,
  `price` int NOT NULL,
  `location_id` bigint unsigned NOT NULL,
  `deleted_at` timestamp NULL DEFAULT NULL,
  `created_at` timestamp NULL DEFAULT NULL,
  `updated_at` timestamp NULL DEFAULT NULL,
  PRIMARY KEY (`id`),
  KEY `voucher_packages_location_id_foreign` (`location_id`),
  CONSTRAINT `voucher_packages_location_id_foreign` FOREIGN KEY (`location_id`) REFERENCES `locations` (`id`)
) ENGINE=InnoDB AUTO_INCREMENT=2 DEFAULT CHARSET=utf8mb4 COLLATE=utf8mb4_unicode_ci;
/*!40101 SET character_set_client = @saved_cs_client */;

--
-- Dumping data for table `voucher_packages`
--

LOCK TABLES `voucher_packages` WRITE;
/*!40000 ALTER TABLE `voucher_packages` DISABLE KEYS */;
INSERT INTO `voucher_packages` VALUES (1,'Test',15000,1,NULL,'2024-10-23 00:07:12','2024-10-23 00:07:12');
/*!40000 ALTER TABLE `voucher_packages` ENABLE KEYS */;
UNLOCK TABLES;

--
-- Dumping routines for database 'laravel'
--
/*!40103 SET TIME_ZONE=@OLD_TIME_ZONE */;

/*!40101 SET SQL_MODE=@OLD_SQL_MODE */;
/*!40014 SET FOREIGN_KEY_CHECKS=@OLD_FOREIGN_KEY_CHECKS */;
/*!40014 SET UNIQUE_CHECKS=@OLD_UNIQUE_CHECKS */;
/*!40101 SET CHARACTER_SET_CLIENT=@OLD_CHARACTER_SET_CLIENT */;
/*!40101 SET CHARACTER_SET_RESULTS=@OLD_CHARACTER_SET_RESULTS */;
/*!40101 SET COLLATION_CONNECTION=@OLD_COLLATION_CONNECTION */;
/*!40111 SET SQL_NOTES=@OLD_SQL_NOTES */;

-- Dump completed on 2024-10-25 10:12:21
